0,1,2,3,4,5,6,7,8,9,10,11,12,13,14,15,16,17,18,19,20,21,22,23,24,25,26,27,28,29,30,31,32,33,34,35,36,37,38,39,40,41,42,43,44,45,46,47,48,49,50,51,52,53,54,55,56,57,58,59,60,61,62,63,64,65,66,67,68,69,70,71,72,73,74,75,76,77,78,79,80,81,82,83,84,85,86,87,88,89,90,91,92,93,94,95,96,97,98,99,100,101,102,103,104,105,106,107,108,109,110,111,112,113,114,115,116,117,118,119,120,121,122,123,124,125,126,127,128,129,130,131,132,133,134,135,136,137,138,139,140,141,142,143,144,145,146,147,148,149,150,151,152,153,154,155,156,157,158,159,160,161,162,163,164,165,166,167,168,169,170,171,172,173,174,175,176,177,178,179,180,181,182,183,184,185,186,187,188,189,190,191,192
[CLS],The,Town,of,Malta,Planning,Board,held,its,regular,meeting,on,Tuesday,",",February,28,",",202,##3,at,6,:,30,p,.,m,.,at,the,Malta,Town,Hall,",",with,Co,-,Chair,##person,",",Jean,Lo,##ew,##enstein,presiding,:,Present,:,Dwight,Haven,##s,Stephen,Grande,##au,Ronald,Bo,##rman,##n,William,Smith,Jean,Lo,##ew,##enstein,Lee,##jun,Taylor,Frank,Ma,##zza,A,##bs,##ent,:,John,Viola,Kyle,Ko,##rdi,##ch,Co,##rre,##sp,##ond,##ence,:,All,correspondence,is,on,file,.,[SEP],,,,,,,,,,,,,,,,,,,,,,,,,,,,,,,,,,,,,,,,,,,,,,,,,,,,,,,,,,,,,,,,,,,,,,,,,,,,,,,,,,,,,,,,,,,,,,,,,,,,,
[CLS],Co,-,Chair,##person,Lo,##ew,##enstein,read,the,following,agenda,into,the,minutes,:,Project,#,Project,Name,Project,Type,23,-,3,Doo,##ley,/,Bass,Manor,Minor,Sub,##di,##vision,23,-,2,Sanctuary,Salon,Project,Plan,22,-,25,A,##rno,##ff,Global,Logistics,Phase,#,6,Site,Plan,Amendment,22,-,20,Re,##tro,##grade,Re,##con,Center,Site,Plan,Chair,##person,Lo,##ew,##enstein,appointed,William,Smith,and,Lee,##jun,Taylor,as,full,members,.,[SEP],,,,,,,,,,,,,,,,,,,,,,,,,,,,,,,,,,,,,,,,,,,,,,,,,,,,,,,,,,,,,,,,,,,,,,,,,,,,,,,,,,,,,,,,,,,,,,,,,,,,,,,,,,,,,,
[CLS],23,-,3,",",Doo,##ley,/,Bass,Manor,",",Minor,Sub,##di,##vision,Public,Hearing,The,applicant,is,requesting,approval,for,a,minor,SD,to,create,a,total,of,2,lots,at,30,Route,9,##P,.,[SEP],,,,,,,,,,,,,,,,,,,,,,,,,,,,,,,,,,,,,,,,,,,,,,,,,,,,,,,,,,,,,,,,,,,,,,,,,,,,,,,,,,,,,,,,,,,,,,,,,,,,,,,,,,,,,,,,,,,,,,,,,,,,,,,,,,,,,,,,,,,,,,,,,,,,,,,,,
[CLS],As,it,stands,",",the,existing,parcel,is,7,.,54,##±,acres,.,[SEP],,,,,,,,,,,,,,,,,,,,,,,,,,,,,,,,,,,,,,,,,,,,,,,,,,,,,,,,,,,,,,,,,,,,,,,,,,,,,,,,,,,,,,,,,,,,,,,,,,,,,,,,,,,,,,,,,,,,,,,,,,,,,,,,,,,,,,,,,,,,,,,,,,,,,,,,,,,,,,,,,,,,,,,,,,,,,,,,,
[CLS],As,noted,on,the,proposed,subdivision,map,",",the,applicant,is,proposing,to,split,the,existing,parcel,into,lots,2,##A,and,2,##B,.,[SEP],,,,,,,,,,,,,,,,,,,,,,,,,,,,,,,,,,,,,,,,,,,,,,,,,,,,,,,,,,,,,,,,,,,,,,,,,,,,,,,,,,,,,,,,,,,,,,,,,,,,,,,,,,,,,,,,,,,,,,,,,,,,,,,,,,,,,,,,,,,,,,,,,,,,,,,,,,,,,,,,,,,,,,
[CLS],Lot,2,##A,would,be,a,build,##able,3,.,0,##5,##±,acre,lot,with,200,##ft,of,road,front,##age,.,[SEP],,,,,,,,,,,,,,,,,,,,,,,,,,,,,,,,,,,,,,,,,,,,,,,,,,,,,,,,,,,,,,,,,,,,,,,,,,,,,,,,,,,,,,,,,,,,,,,,,,,,,,,,,,,,,,,,,,,,,,,,,,,,,,,,,,,,,,,,,,,,,,,,,,,,,,,,,,,,,,,,,,,,,,,,
[CLS],Lot,2,##B,would,be,a,4,.,53,##8,##±,acre,lot,with,26,##8,.,41,##ft,of,road,front,##age,.,[SEP],,,,,,,,,,,,,,,,,,,,,,,,,,,,,,,,,,,,,,,,,,,,,,,,,,,,,,,,,,,,,,,,,,,,,,,,,,,,,,,,,,,,,,,,,,,,,,,,,,,,,,,,,,,,,,,,,,,,,,,,,,,,,,,,,,,,,,,,,,,,,,,,,,,,,,,,,,,,,,,,,,,,,,,
[CLS],Lot,2,##B,would,also,contain,the,existing,Bass,Manor,Bed,&,Breakfast,.,[SEP],,,,,,,,,,,,,,,,,,,,,,,,,,,,,,,,,,,,,,,,,,,,,,,,,,,,,,,,,,,,,,,,,,,,,,,,,,,,,,,,,,,,,,,,,,,,,,,,,,,,,,,,,,,,,,,,,,,,,,,,,,,,,,,,,,,,,,,,,,,,,,,,,,,,,,,,,,,,,,,,,,,,,,,,,,,,,,,,,
[CLS],30,Route,9,##P,was,previously,subdivided,in,2009,.,[SEP],,,,,,,,,,,,,,,,,,,,,,,,,,,,,,,,,,,,,,,,,,,,,,,,,,,,,,,,,,,,,,,,,,,,,,,,,,,,,,,,,,,,,,,,,,,,,,,,,,,,,,,,,,,,,,,,,,,,,,,,,,,,,,,,,,,,,,,,,,,,,,,,,,,,,,,,,,,,,,,,,,,,,,,,,,,,,,,,,,,,,
[CLS],Lot,2,##B,would,also,include,a,public,water,and,sewer,access,from,Admiral,’,s,Way,to,the,East,of,the,property,.,[SEP],,,,,,,,,,,,,,,,,,,,,,,,,,,,,,,,,,,,,,,,,,,,,,,,,,,,,,,,,,,,,,,,,,,,,,,,,,,,,,,,,,,,,,,,,,,,,,,,,,,,,,,,,,,,,,,,,,,,,,,,,,,,,,,,,,,,,,,,,,,,,,,,,,,,,,,,,,,,,,,,,,,,,,,
[CLS],Cassandra,Doo,##ley,presented,her,proposal,for,a,two,(,2,),lot,Minor,Sub,##di,##vision,of,her,property,at,30,NY,##S,Route,9,##P,to,the,Planning,Board,.,[SEP],,,,,,,,,,,,,,,,,,,,,,,,,,,,,,,,,,,,,,,,,,,,,,,,,,,,,,,,,,,,,,,,,,,,,,,,,,,,,,,,,,,,,,,,,,,,,,,,,,,,,,,,,,,,,,,,,,,,,,,,,,,,,,,,,,,,,,,,,,,,,,,,,,,,,,,,,,,,,,,
[CLS],Cat,##tel,##l,spoke,for,the,Planning,Department,.,[SEP],,,,,,,,,,,,,,,,,,,,,,,,,,,,,,,,,,,,,,,,,,,,,,,,,,,,,,,,,,,,,,,,,,,,,,,,,,,,,,,,,,,,,,,,,,,,,,,,,,,,,,,,,,,,,,,,,,,,,,,,,,,,,,,,,,,,,,,,,,,,,,,,,,,,,,,,,,,,,,,,,,,,,,,,,,,,,,,,,,,,,,
[CLS],He,noted,that,the,subdivision,would,change,one,(,1,),lot,into,two,(,2,),lots,",",one,(,Lot,2,##A,),would,be,3,acres,and,the,second,(,Lot,2,##B,),would,be,4,.,54,acres,.,[SEP],,,,,,,,,,,,,,,,,,,,,,,,,,,,,,,,,,,,,,,,,,,,,,,,,,,,,,,,,,,,,,,,,,,,,,,,,,,,,,,,,,,,,,,,,,,,,,,,,,,,,,,,,,,,,,,,,,,,,,,,,,,,,,,,,,,,,,,,,,,,,,,,,,,
[CLS],Cat,##tel,##l,also,noted,that,Lot,2,##A,would,have,200,feet,of,road,front,##age,and,Lot,2,##B,would,have,26,##8,.,41,feet,of,road,front,##age,.,[SEP],,,,,,,,,,,,,,,,,,,,,,,,,,,,,,,,,,,,,,,,,,,,,,,,,,,,,,,,,,,,,,,,,,,,,,,,,,,,,,,,,,,,,,,,,,,,,,,,,,,,,,,,,,,,,,,,,,,,,,,,,,,,,,,,,,,,,,,,,,,,,,,,,,,,,,,,,,,,,,
[CLS],Cat,##tel,##l,stated,for,the,Board,that,a,Letter,of,No,Impact,was,received,from,the,NY,##S,Office,of,Parks,",",Recreation,",",and,Historical,Preservation,to,confirm,that,nothing,of,interest,was,found,on,the,site,",",despite,the,site,being,in,a,known,arch,##eological,##ly,sensitive,area,.,[SEP],,,,,,,,,,,,,,,,,,,,,,,,,,,,,,,,,,,,,,,,,,,,,,,,,,,,,,,,,,,,,,,,,,,,,,,,,,,,,,,,,,,,,,,,,,,,,,,,,,,,,,,,,,,,,,,,,,,,,,,,,,,,,,,,,,,,,,,,,,
[CLS],Cat,##tel,##l,also,stated,that,at,the,time,of,the,Planning,Board,meeting,",",no,building,permits,had,been,submitted,to,the,Building,Department,for,new,construction,on,Lot,2,##B,.,[SEP],,,,,,,,,,,,,,,,,,,,,,,,,,,,,,,,,,,,,,,,,,,,,,,,,,,,,,,,,,,,,,,,,,,,,,,,,,,,,,,,,,,,,,,,,,,,,,,,,,,,,,,,,,,,,,,,,,,,,,,,,,,,,,,,,,,,,,,,,,,,,,,,,,,,,,,,,,,,,,
[CLS],Cat,##tel,##l,stated,there,should,be,no,issues,building,a,structure,on,the,new,lot,because,the,proposed,lot,was,z,##oning,com,##pliant,with,more,than,enough,ace,##rage,to,fit,a,single,family,home,.,[SEP],,,,,,,,,,,,,,,,,,,,,,,,,,,,,,,,,,,,,,,,,,,,,,,,,,,,,,,,,,,,,,,,,,,,,,,,,,,,,,,,,,,,,,,,,,,,,,,,,,,,,,,,,,,,,,,,,,,,,,,,,,,,,,,,,,,,,,,,,,,,,,,,,,,,,,,,,
[CLS],Cat,##tel,##l,recommended,that,the,Planning,Board,find,the,project,consistent,with,the,Su,##pp,##lement,##al,T,own,-,wide,GE,##IS,and,State,##ment,of,Finding,##s,with,regards,to,SE,##Q,##RA,.,[SEP],,,,,,,,,,,,,,,,,,,,,,,,,,,,,,,,,,,,,,,,,,,,,,,,,,,,,,,,,,,,,,,,,,,,,,,,,,,,,,,,,,,,,,,,,,,,,,,,,,,,,,,,,,,,,,,,,,,,,,,,,,,,,,,,,,,,,,,,,,,,,,,,,,,,,,,,,,
[CLS],Lo,##ew,##enstein,asked,Hull,if,the,project,had,been,submitted,for,Engineering,Review,.,[SEP],,,,,,,,,,,,,,,,,,,,,,,,,,,,,,,,,,,,,,,,,,,,,,,,,,,,,,,,,,,,,,,,,,,,,,,,,,,,,,,,,,,,,,,,,,,,,,,,,,,,,,,,,,,,,,,,,,,,,,,,,,,,,,,,,,,,,,,,,,,,,,,,,,,,,,,,,,,,,,,,,,,,,,,,,,,,,,,,
[CLS],Hull,confirmed,that,it,had,not,been,submitted,and,stated,that,since,the,project,was,small,it,would,not,need,to,be,reviewed,by,Engineering,.,[SEP],,,,,,,,,,,,,,,,,,,,,,,,,,,,,,,,,,,,,,,,,,,,,,,,,,,,,,,,,,,,,,,,,,,,,,,,,,,,,,,,,,,,,,,,,,,,,,,,,,,,,,,,,,,,,,,,,,,,,,,,,,,,,,,,,,,,,,,,,,,,,,,,,,,,,,,,,,,,,,,,,,,,,
[CLS],Ever,##hart,asked,Cat,##tel,##l,to,confirm,the,Planning,recommendation,on,SE,##Q,##RA,.,[SEP],,,,,,,,,,,,,,,,,,,,,,,,,,,,,,,,,,,,,,,,,,,,,,,,,,,,,,,,,,,,,,,,,,,,,,,,,,,,,,,,,,,,,,,,,,,,,,,,,,,,,,,,,,,,,,,,,,,,,,,,,,,,,,,,,,,,,,,,,,,,,,,,,,,,,,,,,,,,,,,,,,,,,,,,,,,,,,,
[CLS],Cat,##tel,##l,rest,##ated,that,Planning,felt,the,project,was,consistent,with,the,Su,##pp,##lement,##al,T,own,-,wide,GE,##IS,and,State,##ment,of,Finding,##s,.,[SEP],,,,,,,,,,,,,,,,,,,,,,,,,,,,,,,,,,,,,,,,,,,,,,,,,,,,,,,,,,,,,,,,,,,,,,,,,,,,,,,,,,,,,,,,,,,,,,,,,,,,,,,,,,,,,,,,,,,,,,,,,,,,,,,,,,,,,,,,,,,,,,,,,,,,,,,,,,,,,,,,
[CLS],B,##OA,##RD,D,##IS,##CU,##SS,##ION,Smith,asked,Doo,##ley,if,the,project,would,be,connected,to,Public,water,and,sewer,.,[SEP],,,,,,,,,,,,,,,,,,,,,,,,,,,,,,,,,,,,,,,,,,,,,,,,,,,,,,,,,,,,,,,,,,,,,,,,,,,,,,,,,,,,,,,,,,,,,,,,,,,,,,,,,,,,,,,,,,,,,,,,,,,,,,,,,,,,,,,,,,,,,,,,,,,,,,,,,,,,,,,,,,,,,,,
[CLS],Doo,##ley,said,she,thought,so,based,on,the,ease,##ment,being,noted,on,the,Sub,##di,##vision,map,.,[SEP],,,,,,,,,,,,,,,,,,,,,,,,,,,,,,,,,,,,,,,,,,,,,,,,,,,,,,,,,,,,,,,,,,,,,,,,,,,,,,,,,,,,,,,,,,,,,,,,,,,,,,,,,,,,,,,,,,,,,,,,,,,,,,,,,,,,,,,,,,,,,,,,,,,,,,,,,,,,,,,,,,,,,,,,,,,
[CLS],Taylor,asked,Doo,##ley,if,she,would,be,creating,noise,dead,##ening,measures,for,Lot,2,##B,due,to,the,nearby,Albany,-,Saratoga,Speedway,.,[SEP],,,,,,,,,,,,,,,,,,,,,,,,,,,,,,,,,,,,,,,,,,,,,,,,,,,,,,,,,,,,,,,,,,,,,,,,,,,,,,,,,,,,,,,,,,,,,,,,,,,,,,,,,,,,,,,,,,,,,,,,,,,,,,,,,,,,,,,,,,,,,,,,,,,,,,,,,,,,,,,,,,,,,
[CLS],Doo,##ley,noted,that,she,felt,the,issue,would,be,up,to,the,Town,to,decide,if,such,measures,would,be,enacted,and,what,they,would,en,##com,##pass,.,[SEP],,,,,,,,,,,,,,,,,,,,,,,,,,,,,,,,,,,,,,,,,,,,,,,,,,,,,,,,,,,,,,,,,,,,,,,,,,,,,,,,,,,,,,,,,,,,,,,,,,,,,,,,,,,,,,,,,,,,,,,,,,,,,,,,,,,,,,,,,,,,,,,,,,,,,,,,,,,,,,,,,
[CLS],Cat,##tel,##l,commented,that,since,the,Speedway,was,a,special,case,with,a,precedent,set,and,being,an,active,business,nearby,",",the,conditions,created,by,the,Speedway,would,be,something,prospective,owners,would,need,to,tolerate,.,[SEP],,,,,,,,,,,,,,,,,,,,,,,,,,,,,,,,,,,,,,,,,,,,,,,,,,,,,,,,,,,,,,,,,,,,,,,,,,,,,,,,,,,,,,,,,,,,,,,,,,,,,,,,,,,,,,,,,,,,,,,,,,,,,,,,,,,,,,,,,,,,,,,,,,,,,,,,
[CLS],Doo,##ley,noted,the,Speedway,issues,further,",",mentioning,the,environmental,impact,of,the,Speedway,creating,heavy,clay,dust,",",how,it,per,##me,##ates,the,air,",",and,its,effect,on,people,.,[SEP],,,,,,,,,,,,,,,,,,,,,,,,,,,,,,,,,,,,,,,,,,,,,,,,,,,,,,,,,,,,,,,,,,,,,,,,,,,,,,,,,,,,,,,,,,,,,,,,,,,,,,,,,,,,,,,,,,,,,,,,,,,,,,,,,,,,,,,,,,,,,,,,,,,,,,,,,,,,,
[CLS],Hull,not,ed,for,the,Board,that,despite,the,applicant,’,s,concerns,about,the,Speedway,on,the,environment,",",a,SE,##Q,##RA,determination,w,ou,##ld,be,b,##as,ed,on,how,the,Sub,##di,##vision,w,ou,##ld,affect,the,environment,",",not,how,outside,factors,would,affect,the,Sub,##di,##vision,project,.,[SEP],,,,,,,,,,,,,,,,,,,,,,,,,,,,,,,,,,,,,,,,,,,,,,,,,,,,,,,,,,,,,,,,,,,,,,,,,,,,,,,,,,,,,,,,,,,,,,,,,,,,,,,,,,,,,,,,,,,,,,,,,,,,,,,,,,,,,,
[CLS],Hull,also,not,ed,that,perspective,buyers,w,##o,ul,##d,need,to,be,inform,ed,of,the,Speedway,and,the,conditions,c,##rea,##t,ed,by,it,.,[SEP],,,,,,,,,,,,,,,,,,,,,,,,,,,,,,,,,,,,,,,,,,,,,,,,,,,,,,,,,,,,,,,,,,,,,,,,,,,,,,,,,,,,,,,,,,,,,,,,,,,,,,,,,,,,,,,,,,,,,,,,,,,,,,,,,,,,,,,,,,,,,,,,,,,,,,,,,,,,,,,,,,
[CLS],P,##U,##BL,##IC,H,##EA,##RI,##NG,Lo,##ew,##ens,##te,##i,n,op,##e,ne,##d,the,Pub,l,##ic,Hearing,at,6,:,41,Lo,##ew,##ens,##te,##i,n,c,##los,ed,the,Public,Hearing,at,6,:,42,Resolution,#,202,##3,–,2,SE,##Q,##RA,M,##OT,##ION,by,Jean,Lo,##ew,##enstein,SEC,##ON,##DE,##D,by,Stephen,Grande,##au,to,resolve,that,the,Malta,Planning,Board,on,the,28th,day,of,February,",",202,##3,determines,that,Project,#,23,-,3,",",Doo,##ley,/,Bass,Manor,",",Minor,Sub,##di,##vision,is,consistent,with,the,Su,##pp,##lement,##al,Town,Wide,GE,##IS,and,State,##ment,of,Finding,##s,and,therefore,no,further,SE,##Q,##RA,review,is,required,.,[SEP],,,,,,,,,,,,,,,,,,,,,,,,,,,,,,,,,,,,,,,,,,,,,,,,,,,,,,,,,,,,
[CLS],V,##OT,##E,:,Stephen,Grande,##au,–,Y,##ES,Ronald,Bo,##rman,##n,–,Y,##ES,Dwight,Haven,##s,–,Y,##ES,William,Smith,–,Y,##ES,Lee,##jun,Taylor,–,Y,##ES,Jean,Lo,##ew,##enstein,-,Y,##ES,Motion,CA,##R,##RI,##ED,6,-,0,Prior,to,the,resolution,being,voted,upon,to,approve,/,di,##sa,##pp,##rove,Project,#,23,-,3,",",Doo,##ley,/,Bass,Manor,Minor,Sub,##di,##vision,",",Board,member,Smith,requested,that,a,condition,be,placed,on,the,approval,stating,that,at,the,time,of,sale,",",the,noise,and,dust,em,##ana,##ting,from,the,Albany,-,Saratoga,Speedway,and,its,effect,on,the,property,in,question,be,recorded,in,the,deed,.,[SEP],,,,,,,,,,,,,,,,,,,,,,,,,,,,,,,,,,,,,,,,,,,,,,,,,,,,,,,,,,,,,,,,,
[CLS],Doo,##ley,stated,for,the,Board,that,she,felt,it,was,unnecessary,to,include,this,in,her,deed,at,the,time,of,sale,.,[SEP],,,,,,,,,,,,,,,,,,,,,,,,,,,,,,,,,,,,,,,,,,,,,,,,,,,,,,,,,,,,,,,,,,,,,,,,,,,,,,,,,,,,,,,,,,,,,,,,,,,,,,,,,,,,,,,,,,,,,,,,,,,,,,,,,,,,,,,,,,,,,,,,,,,,,,,,,,,,,,,,,,,,,,,
[CLS],Smith,noted,for,Doo,##ley,that,he,felt,this,condition,should,exist,in,order,to,protect,the,Town,due,to,the,dust,and,noise,created,by,the,Speedway,being,something,a,future,owner,may,not,like,.,[SEP],,,,,,,,,,,,,,,,,,,,,,,,,,,,,,,,,,,,,,,,,,,,,,,,,,,,,,,,,,,,,,,,,,,,,,,,,,,,,,,,,,,,,,,,,,,,,,,,,,,,,,,,,,,,,,,,,,,,,,,,,,,,,,,,,,,,,,,,,,,,,,,,,,,,,,,,,,
[CLS],Doo,##ley,asked,Smith,if,other,properties,nearby,were,required,to,include,a,clause,in,their,deeds,at,the,time,of,sale,about,the,Speedway,being,nearby,.,[SEP],,,,,,,,,,,,,,,,,,,,,,,,,,,,,,,,,,,,,,,,,,,,,,,,,,,,,,,,,,,,,,,,,,,,,,,,,,,,,,,,,,,,,,,,,,,,,,,,,,,,,,,,,,,,,,,,,,,,,,,,,,,,,,,,,,,,,,,,,,,,,,,,,,,,,,,,,,,,,,,,,,,
[CLS],Smith,stated,that,he,was,unable,to,answer,her,question,.,[SEP],,,,,,,,,,,,,,,,,,,,,,,,,,,,,,,,,,,,,,,,,,,,,,,,,,,,,,,,,,,,,,,,,,,,,,,,,,,,,,,,,,,,,,,,,,,,,,,,,,,,,,,,,,,,,,,,,,,,,,,,,,,,,,,,,,,,,,,,,,,,,,,,,,,,,,,,,,,,,,,,,,,,,,,,,,,,,,,,,,,,
[CLS],Doo,##ley,rest,##ated,that,she,felt,it,was,unnecessary,for,her,to,do,this,and,asked,why,the,Board,felt,she,should,when,according,to,her,knowledge,the,property,across,the,road,from,her,did,not,have,to,inform,the,buyer,of,that,property,at,the,time,of,sale,.,[SEP],,,,,,,,,,,,,,,,,,,,,,,,,,,,,,,,,,,,,,,,,,,,,,,,,,,,,,,,,,,,,,,,,,,,,,,,,,,,,,,,,,,,,,,,,,,,,,,,,,,,,,,,,,,,,,,,,,,,,,,,,,,,,,,,,,,,,,,,,,,,
[CLS],Grande,##au,stated,for,Doo,##ley,that,the,Board,felt,it,was,wise,given,the,special,case,existing,because,of,the,Speedway,.,[SEP],,,,,,,,,,,,,,,,,,,,,,,,,,,,,,,,,,,,,,,,,,,,,,,,,,,,,,,,,,,,,,,,,,,,,,,,,,,,,,,,,,,,,,,,,,,,,,,,,,,,,,,,,,,,,,,,,,,,,,,,,,,,,,,,,,,,,,,,,,,,,,,,,,,,,,,,,,,,,,,,,,,,,,,,
[CLS],Resolution,#,202,##3,–,3,M,##OT,##ION,by,Stephen,Grande,##au,SEC,##ON,##DE,##D,by,Ronald,Bo,##rman,##n,to,resolve,that,the,Malta,Planning,Board,on,the,28th,day,of,February,202,##3,approve,##s,Project,#,23,-,3,",",Doo,##ley,/,Bass,Manor,",",Minor,Sub,##di,##vision,",",with,the,following,conditions,:,1,.,At,the,time,of,sale,",",the,deed,for,the,new,property,include,that,the,Albany,-,Saratoga,Speedway,neighbors,the,property,and,creates,dust,and,noise,.,V,##OT,##E,:,Stephen,Grande,##au,–,Y,##ES,Ronald,Bo,##rman,##n,–,Y,##ES,Frank,Ma,##zza,-,Y,##ES,Dwight,Haven,##s,–,Y,##ES,William,Smith,–,Y,##ES,Lee,##jun,Taylor,–,Y,##ES,Jean,Lo,##ew,##enstein,-,Y,##ES,Motion,CA,##R,##RI,##ED,7,-,0,23,-,2,",",Sanctuary,Salon,",",Form,Based,Code,Project,Plan,Public,Hearing,The,applicant,",",Jeffrey,Ramirez,",",is,pursuing,Form,-,Based,Code,Project,Plan,approval,for,re,##nova,##ting,the,former,Stewart,’,s,convenience,store,250,##5,Route,9,.,[SEP]
[CLS],The,applicant,is,proposing,minor,site,improvements,consisting,of,lands,##cap,##ing,and,rest,##rip,##ing,the,parking,lot,.,[SEP],,,,,,,,,,,,,,,,,,,,,,,,,,,,,,,,,,,,,,,,,,,,,,,,,,,,,,,,,,,,,,,,,,,,,,,,,,,,,,,,,,,,,,,,,,,,,,,,,,,,,,,,,,,,,,,,,,,,,,,,,,,,,,,,,,,,,,,,,,,,,,,,,,,,,,,,,,,,,,,,,,,,,,,,,,,
[CLS],Building,alterations,include,structural,columns,",",removing,the,existing,walk,in,cooler,",",new,windows,facing,Route,9,.,[SEP],,,,,,,,,,,,,,,,,,,,,,,,,,,,,,,,,,,,,,,,,,,,,,,,,,,,,,,,,,,,,,,,,,,,,,,,,,,,,,,,,,,,,,,,,,,,,,,,,,,,,,,,,,,,,,,,,,,,,,,,,,,,,,,,,,,,,,,,,,,,,,,,,,,,,,,,,,,,,,,,,,,,,,,,,,,,
[CLS],The,façade,will,be,white,##wash,##ed,with,black,accent,trim,.,[SEP],,,,,,,,,,,,,,,,,,,,,,,,,,,,,,,,,,,,,,,,,,,,,,,,,,,,,,,,,,,,,,,,,,,,,,,,,,,,,,,,,,,,,,,,,,,,,,,,,,,,,,,,,,,,,,,,,,,,,,,,,,,,,,,,,,,,,,,,,,,,,,,,,,,,,,,,,,,,,,,,,,,,,,,,,,,,,,,,,,,
[CLS],The,interior,will,be,renovated,to,accommodate,the,salon,with,10,salon,station,",",coloring,station,",",s,##ham,##po,##o,area,",",office,",",and,AD,##A,accessible,rest,##rooms,.,[SEP],,,,,,,,,,,,,,,,,,,,,,,,,,,,,,,,,,,,,,,,,,,,,,,,,,,,,,,,,,,,,,,,,,,,,,,,,,,,,,,,,,,,,,,,,,,,,,,,,,,,,,,,,,,,,,,,,,,,,,,,,,,,,,,,,,,,,,,,,,,,,,,,,,,,,,,,,,,,,,,
[CLS],Mike,Mu,##nter,presented,on,behalf,of,the,applicant,and,described,what,the,applicant,envisioned,.,[SEP],,,,,,,,,,,,,,,,,,,,,,,,,,,,,,,,,,,,,,,,,,,,,,,,,,,,,,,,,,,,,,,,,,,,,,,,,,,,,,,,,,,,,,,,,,,,,,,,,,,,,,,,,,,,,,,,,,,,,,,,,,,,,,,,,,,,,,,,,,,,,,,,,,,,,,,,,,,,,,,,,,,,,,,,,,,,,,,
[CLS],Hui,##zing,##a,spoke,for,the,Planning,Department,and,reminded,the,Planning,Board,that,this,project,was,a,Form,Based,Code,project,.,[SEP],,,,,,,,,,,,,,,,,,,,,,,,,,,,,,,,,,,,,,,,,,,,,,,,,,,,,,,,,,,,,,,,,,,,,,,,,,,,,,,,,,,,,,,,,,,,,,,,,,,,,,,,,,,,,,,,,,,,,,,,,,,,,,,,,,,,,,,,,,,,,,,,,,,,,,,,,,,,,,,,,,,,,,,,
[CLS],Hui,##zing,##a,noted,that,F,##BC,projects,go,to,the,Planning,Board,for,their,input,",",but,do,not,receive,a,resolution,for,approval,from,the,Board,itself,",",F,##BC,projects,are,approved,administrative,##ly,by,the,Building,and,Planning,Coordinator,.,[SEP],,,,,,,,,,,,,,,,,,,,,,,,,,,,,,,,,,,,,,,,,,,,,,,,,,,,,,,,,,,,,,,,,,,,,,,,,,,,,,,,,,,,,,,,,,,,,,,,,,,,,,,,,,,,,,,,,,,,,,,,,,,,,,,,,,,,,,,,,,,,,,,,,,,
[CLS],Hui,##zing,##a,noted,that,the,project,was,located,within,the,Downtown,Parade,Ground,##s,(,D,##P,-,2,),F,##BC,Zone,.,[SEP],,,,,,,,,,,,,,,,,,,,,,,,,,,,,,,,,,,,,,,,,,,,,,,,,,,,,,,,,,,,,,,,,,,,,,,,,,,,,,,,,,,,,,,,,,,,,,,,,,,,,,,,,,,,,,,,,,,,,,,,,,,,,,,,,,,,,,,,,,,,,,,,,,,,,,,,,,,,,,,,,,,,,,
[CLS],Hui,##zing,##a,also,noted,that,the,project,would,en,##com,##pass,an,exterior,re,##mo,##del,and,an,interior,fit,-,up,to,become,a,hair,salon,.,[SEP],,,,,,,,,,,,,,,,,,,,,,,,,,,,,,,,,,,,,,,,,,,,,,,,,,,,,,,,,,,,,,,,,,,,,,,,,,,,,,,,,,,,,,,,,,,,,,,,,,,,,,,,,,,,,,,,,,,,,,,,,,,,,,,,,,,,,,,,,,,,,,,,,,,,,,,,,,,,,,,,,,
[CLS],Hui,##zing,##a,stated,that,the,applicant,was,at,the,Planning,Board,meeting,for,a,Public,Hearing,",",that,they,provided,Planning,staff,with,a,traffic,assessment,for,the,site,",",and,asked,the,applicant,to,provide,a,Sign,##age,Plan,for,both,the,proposed,free,-,standing,",",double,column,sign,and,wall,signs,.,[SEP],,,,,,,,,,,,,,,,,,,,,,,,,,,,,,,,,,,,,,,,,,,,,,,,,,,,,,,,,,,,,,,,,,,,,,,,,,,,,,,,,,,,,,,,,,,,,,,,,,,,,,,,,,,,,,,,,,,,,,,,,,,,,,,,,,,,,,,
[CLS],Hull,noted,two,comments,about,parking,for,the,project,.,[SEP],,,,,,,,,,,,,,,,,,,,,,,,,,,,,,,,,,,,,,,,,,,,,,,,,,,,,,,,,,,,,,,,,,,,,,,,,,,,,,,,,,,,,,,,,,,,,,,,,,,,,,,,,,,,,,,,,,,,,,,,,,,,,,,,,,,,,,,,,,,,,,,,,,,,,,,,,,,,,,,,,,,,,,,,,,,,,,,,,,,,,
[CLS],1,.,The,striped,area,designated,for,hand,##ica,##pped,access,needed,to,be,widened,to,allow,enough,space,for,AD,##A,requirements,.,[SEP],,,,,,,,,,,,,,,,,,,,,,,,,,,,,,,,,,,,,,,,,,,,,,,,,,,,,,,,,,,,,,,,,,,,,,,,,,,,,,,,,,,,,,,,,,,,,,,,,,,,,,,,,,,,,,,,,,,,,,,,,,,,,,,,,,,,,,,,,,,,,,,,,,,,,,,,,,,,,,,,,,,,,,,
[CLS],2,.,The,far,left,parking,space,depicted,on,the,Plan,would,be,too,difficult,to,access,due,to,the,an,##gling,of,it,.,[SEP],,,,,,,,,,,,,,,,,,,,,,,,,,,,,,,,,,,,,,,,,,,,,,,,,,,,,,,,,,,,,,,,,,,,,,,,,,,,,,,,,,,,,,,,,,,,,,,,,,,,,,,,,,,,,,,,,,,,,,,,,,,,,,,,,,,,,,,,,,,,,,,,,,,,,,,,,,,,,,,,,,,,,,
[CLS],Hull,wanted,the,applicant,to,change,the,an,##gling,of,the,parking,spaces,to,allow,for,adequate,access,to,the,far,left,parking,space,.,[SEP],,,,,,,,,,,,,,,,,,,,,,,,,,,,,,,,,,,,,,,,,,,,,,,,,,,,,,,,,,,,,,,,,,,,,,,,,,,,,,,,,,,,,,,,,,,,,,,,,,,,,,,,,,,,,,,,,,,,,,,,,,,,,,,,,,,,,,,,,,,,,,,,,,,,,,,,,,,,,,,,,,,,,,
[CLS],B,##OA,##RD,D,##IS,##CU,##SS,##ION,Grande,##au,asked,the,applicant,about,how,many,chairs,there,would,be,in,the,salon,.,[SEP],,,,,,,,,,,,,,,,,,,,,,,,,,,,,,,,,,,,,,,,,,,,,,,,,,,,,,,,,,,,,,,,,,,,,,,,,,,,,,,,,,,,,,,,,,,,,,,,,,,,,,,,,,,,,,,,,,,,,,,,,,,,,,,,,,,,,,,,,,,,,,,,,,,,,,,,,,,,,,,,,,,,,,,
[CLS],Shannon,Ramirez,",",the,applicant,",",informed,Grande,##au,that,there,would,be,14,chairs,in,the,salon,.,[SEP],,,,,,,,,,,,,,,,,,,,,,,,,,,,,,,,,,,,,,,,,,,,,,,,,,,,,,,,,,,,,,,,,,,,,,,,,,,,,,,,,,,,,,,,,,,,,,,,,,,,,,,,,,,,,,,,,,,,,,,,,,,,,,,,,,,,,,,,,,,,,,,,,,,,,,,,,,,,,,,,,,,,,,,,,,,,
[CLS],Grande,##au,felt,that,there,was,not,enough,parking,proposed,on,the,plan,.,[SEP],,,,,,,,,,,,,,,,,,,,,,,,,,,,,,,,,,,,,,,,,,,,,,,,,,,,,,,,,,,,,,,,,,,,,,,,,,,,,,,,,,,,,,,,,,,,,,,,,,,,,,,,,,,,,,,,,,,,,,,,,,,,,,,,,,,,,,,,,,,,,,,,,,,,,,,,,,,,,,,,,,,,,,,,,,,,,,,,,
[CLS],The,applicant,noted,that,there,were,14,parking,spots,in,the,front,and,that,there,would,be,additional,parking,provided,behind,the,building,not,noted,on,the,Plan,to,accommodate,employees,.,[SEP],,,,,,,,,,,,,,,,,,,,,,,,,,,,,,,,,,,,,,,,,,,,,,,,,,,,,,,,,,,,,,,,,,,,,,,,,,,,,,,,,,,,,,,,,,,,,,,,,,,,,,,,,,,,,,,,,,,,,,,,,,,,,,,,,,,,,,,,,,,,,,,,,,,,,,,,,,,,,,,
[CLS],Grande,##au,noted,he,wanted,to,make,sure,there,was,enough,parking,due,to,the,history,of,accidents,on,the,corner,.,[SEP],,,,,,,,,,,,,,,,,,,,,,,,,,,,,,,,,,,,,,,,,,,,,,,,,,,,,,,,,,,,,,,,,,,,,,,,,,,,,,,,,,,,,,,,,,,,,,,,,,,,,,,,,,,,,,,,,,,,,,,,,,,,,,,,,,,,,,,,,,,,,,,,,,,,,,,,,,,,,,,,,,,,,,,,,
[CLS],Haven,##s,con,##cu,##rred,with,Grande,##au,and,noted,that,he,felt,the,parking,was,tight,on,the,East,side,of,the,building,and,wanted,the,applicant,to,make,sure,there,was,enough,space,for,customers,to,back,out,of,those,parking,spots,without,hitting,cars,parked,at,neighboring,businesses,within,the,same,plaza,.,[SEP],,,,,,,,,,,,,,,,,,,,,,,,,,,,,,,,,,,,,,,,,,,,,,,,,,,,,,,,,,,,,,,,,,,,,,,,,,,,,,,,,,,,,,,,,,,,,,,,,,,,,,,,,,,,,,,,,,,,,,,,,,,,,,,,,,,,,,,
[CLS],Ma,##zz,a,not,ed,that,it,might,be,a,good,idea,to,keep,the,an,##gling,of,the,parking,the,sa,##m,e,as,it,was,when,the,building,was,a,Stewart,’,s,Shop,##s,ins,##t,e,##ad,of,changing,it,.,[SEP],,,,,,,,,,,,,,,,,,,,,,,,,,,,,,,,,,,,,,,,,,,,,,,,,,,,,,,,,,,,,,,,,,,,,,,,,,,,,,,,,,,,,,,,,,,,,,,,,,,,,,,,,,,,,,,,,,,,,,,,,,,,,,,,,,,,,,,,,,,,,,,,,,
[CLS],Lo,##ew,##ens,##te,##i,n,agreed,wit,h,Hull,about,changing,the,far,West,parking,spot,because,of,it,being,difficult,to,access,and,wanted,the,applicant,to,include,t,he,parking,b,eh,##ind,the,building,on,t,he,plans,.,[SEP],,,,,,,,,,,,,,,,,,,,,,,,,,,,,,,,,,,,,,,,,,,,,,,,,,,,,,,,,,,,,,,,,,,,,,,,,,,,,,,,,,,,,,,,,,,,,,,,,,,,,,,,,,,,,,,,,,,,,,,,,,,,,,,,,,,,,,,,,,,,,,,,,,,,
[CLS],P,##U,##BL,##IC,H,##EA,##RI,##NG,Lo,##ew,##ens,##te,##i,n,op,##e,ne,##d,the,Pub,l,##ic,Hearing,at,7,:,3,##PM,.,[SEP],,,,,,,,,,,,,,,,,,,,,,,,,,,,,,,,,,,,,,,,,,,,,,,,,,,,,,,,,,,,,,,,,,,,,,,,,,,,,,,,,,,,,,,,,,,,,,,,,,,,,,,,,,,,,,,,,,,,,,,,,,,,,,,,,,,,,,,,,,,,,,,,,,,,,,,,,,,,,,,,,,
[CLS],Lo,##ew,##ens,##te,##i,n,c,##los,ed,the,Public,Hearing,at,7,:,4,##PM,.,[SEP],,,,,,,,,,,,,,,,,,,,,,,,,,,,,,,,,,,,,,,,,,,,,,,,,,,,,,,,,,,,,,,,,,,,,,,,,,,,,,,,,,,,,,,,,,,,,,,,,,,,,,,,,,,,,,,,,,,,,,,,,,,,,,,,,,,,,,,,,,,,,,,,,,,,,,,,,,,,,,,,,,,,,,,,,,,,,
[CLS],Lo,##ew,##ens,##te,##i,n,not,ed,that,final,approval,of,the,project,would,be,made,by,t,he,Planning,De,##par,##t,##m,en,##t,before,the,applicant,left,.,[SEP],,,,,,,,,,,,,,,,,,,,,,,,,,,,,,,,,,,,,,,,,,,,,,,,,,,,,,,,,,,,,,,,,,,,,,,,,,,,,,,,,,,,,,,,,,,,,,,,,,,,,,,,,,,,,,,,,,,,,,,,,,,,,,,,,,,,,,,,,,,,,,,,,,,,,,,,,,,,,,,
[CLS],22,-,25,",",A,##rno,##ff,Global,Logistics,Phase,#,6,",",Site,Plan,Amendment,_,_,_,The,applicant,",",A,##rno,##ff,Moving,-,St,##orage,-,R,##ig,##ging,has,submitted,a,Site,Plan,amendment,for,the,expansion,of,their,existing,A,##rno,##ff,Global,Logistics,campus,located,at,10,Stone,##break,Road,.,[SEP],,,,,,,,,,,,,,,,,,,,,,,,,,,,,,,,,,,,,,,,,,,,,,,,,,,,,,,,,,,,,,,,,,,,,,,,,,,,,,,,,,,,,,,,,,,,,,,,,,,,,,,,,,,,,,,,,,,,,,,,,,,,,,,,,,,,,
[CLS],The,applicant,is,proposing,to,construct,a,110,",",164,SF,light,industry,/,commercial,/,warehouse,building,with,associated,parking,east,of,existing,Building,#,3,.,[SEP],,,,,,,,,,,,,,,,,,,,,,,,,,,,,,,,,,,,,,,,,,,,,,,,,,,,,,,,,,,,,,,,,,,,,,,,,,,,,,,,,,,,,,,,,,,,,,,,,,,,,,,,,,,,,,,,,,,,,,,,,,,,,,,,,,,,,,,,,,,,,,,,,,,,,,,,,,,,,,,,,,,
[CLS],The,most,eastern,access,would,be,moved,approximately,150,feet,further,east,on,Stone,##break,Road,.,[SEP],,,,,,,,,,,,,,,,,,,,,,,,,,,,,,,,,,,,,,,,,,,,,,,,,,,,,,,,,,,,,,,,,,,,,,,,,,,,,,,,,,,,,,,,,,,,,,,,,,,,,,,,,,,,,,,,,,,,,,,,,,,,,,,,,,,,,,,,,,,,,,,,,,,,,,,,,,,,,,,,,,,,,,,,,,,,,,
[CLS],The,new,building,would,be,Building,#,4,.,[SEP],,,,,,,,,,,,,,,,,,,,,,,,,,,,,,,,,,,,,,,,,,,,,,,,,,,,,,,,,,,,,,,,,,,,,,,,,,,,,,,,,,,,,,,,,,,,,,,,,,,,,,,,,,,,,,,,,,,,,,,,,,,,,,,,,,,,,,,,,,,,,,,,,,,,,,,,,,,,,,,,,,,,,,,,,,,,,,,,,,,,,,
[CLS],Lansing,presented,on,behalf,of,the,applicant,and,requested,final,project,approval,.,[SEP],,,,,,,,,,,,,,,,,,,,,,,,,,,,,,,,,,,,,,,,,,,,,,,,,,,,,,,,,,,,,,,,,,,,,,,,,,,,,,,,,,,,,,,,,,,,,,,,,,,,,,,,,,,,,,,,,,,,,,,,,,,,,,,,,,,,,,,,,,,,,,,,,,,,,,,,,,,,,,,,,,,,,,,,,,,,,,,,,,
[CLS],Lansing,highlighted,the,number,of,parking,spots,associated,with,the,building,",",stating,that,there,would,be,117,parking,spaces,for,cars,in,the,front,and,along,the,sides,of,the,building,",",and,53,associated,parking,spaces,for,tractor,trailers,and,box,trucks,around,the,building,.,[SEP],,,,,,,,,,,,,,,,,,,,,,,,,,,,,,,,,,,,,,,,,,,,,,,,,,,,,,,,,,,,,,,,,,,,,,,,,,,,,,,,,,,,,,,,,,,,,,,,,,,,,,,,,,,,,,,,,,,,,,,,,,,,,,,,,,,,,,,,,,,,,,,
[CLS],Lansing,noted,that,storm,##water,would,be,managed,on,-,site,",",and,that,the,building,would,be,serviced,by,public,water,and,sewer,.,[SEP],,,,,,,,,,,,,,,,,,,,,,,,,,,,,,,,,,,,,,,,,,,,,,,,,,,,,,,,,,,,,,,,,,,,,,,,,,,,,,,,,,,,,,,,,,,,,,,,,,,,,,,,,,,,,,,,,,,,,,,,,,,,,,,,,,,,,,,,,,,,,,,,,,,,,,,,,,,,,,,,,,,,,,
[CLS],Lansing,also,noted,comments,received,from,Planning,and,Engineering,relating,to,the,architectural,drawings,not,matching,on,plans,and,stated,that,they,would,update,them,to,match,",",and,about,the,applicant,needing,to,receive,a,“,Will,Ser,##ve,”,letter,from,the,Water,and,Se,##wer,departments,",",stating,that,he,would,make,sure,those,letters,were,received,.,[SEP],,,,,,,,,,,,,,,,,,,,,,,,,,,,,,,,,,,,,,,,,,,,,,,,,,,,,,,,,,,,,,,,,,,,,,,,,,,,,,,,,,,,,,,,,,,,,,,,,,,,,,,,,,,,,,,,,,,,,,,,,,,,,,,,,,
[CLS],Lansing,also,spoke,about,the,concern,from,the,Town,about,the,be,##rm,along,Stone,##break,road,",",stating,that,the,applicant,would,not,be,disturbing,the,be,##rm,and,would,leave,as,much,vegetation,on,the,site,as,possible,",",supplement,##ing,cutting,with,planting,##s,elsewhere,on,-,site,.,[SEP],,,,,,,,,,,,,,,,,,,,,,,,,,,,,,,,,,,,,,,,,,,,,,,,,,,,,,,,,,,,,,,,,,,,,,,,,,,,,,,,,,,,,,,,,,,,,,,,,,,,,,,,,,,,,,,,,,,,,,,,,,,,,,,,,,,,,,,,,,,
[CLS],Hui,##zing,##a,spoke,for,the,Planning,Department,.,[SEP],,,,,,,,,,,,,,,,,,,,,,,,,,,,,,,,,,,,,,,,,,,,,,,,,,,,,,,,,,,,,,,,,,,,,,,,,,,,,,,,,,,,,,,,,,,,,,,,,,,,,,,,,,,,,,,,,,,,,,,,,,,,,,,,,,,,,,,,,,,,,,,,,,,,,,,,,,,,,,,,,,,,,,,,,,,,,,,,,,,,,,
[CLS],Hui,##zing,##a,described,the,site,to,the,Planning,Board,",",noting,that,the,project,was,an,approved,use,for,the,site,and,that,she,felt,a,SE,##Q,##RA,determination,could,be,reached,at,the,meeting,.,[SEP],,,,,,,,,,,,,,,,,,,,,,,,,,,,,,,,,,,,,,,,,,,,,,,,,,,,,,,,,,,,,,,,,,,,,,,,,,,,,,,,,,,,,,,,,,,,,,,,,,,,,,,,,,,,,,,,,,,,,,,,,,,,,,,,,,,,,,,,,,,,,,,,,,,,,,,,,
[CLS],Hui,##zing,##a,noted,that,the,applicant,needed,to,correct,the,in,##con,##sist,##encies,with,the,architecture,of,the,building,on,plans,and,needed,submit,final,rendering,##s,for,the,design,prior,to,project,approval,and,before,the,final,plans,were,submitted,for,building,permits,.,[SEP],,,,,,,,,,,,,,,,,,,,,,,,,,,,,,,,,,,,,,,,,,,,,,,,,,,,,,,,,,,,,,,,,,,,,,,,,,,,,,,,,,,,,,,,,,,,,,,,,,,,,,,,,,,,,,,,,,,,,,,,,,,,,,,,,,,,,,,,,,,,,,,,
[CLS],Hui,##zing,##a,also,noted,that,she,wanted,the,number,of,proposed,parking,spaces,to,match,up,on,the,cover,sheet,and,on,the,plans,",",and,that,she,wanted,a,lands,##cap,##ing,and,a,lighting,plan,submitted,by,the,applicant,.,[SEP],,,,,,,,,,,,,,,,,,,,,,,,,,,,,,,,,,,,,,,,,,,,,,,,,,,,,,,,,,,,,,,,,,,,,,,,,,,,,,,,,,,,,,,,,,,,,,,,,,,,,,,,,,,,,,,,,,,,,,,,,,,,,,,,,,,,,,,,,,,,,,,,,,,,
[CLS],Hui,##zing,##a,closed,with,stating,that,she,recommended,conditional,approval,based,on,her,comments,and,Engineering,comments,if,the,Board,were,to,grant,final,project,approval,at,the,meeting,.,[SEP],,,,,,,,,,,,,,,,,,,,,,,,,,,,,,,,,,,,,,,,,,,,,,,,,,,,,,,,,,,,,,,,,,,,,,,,,,,,,,,,,,,,,,,,,,,,,,,,,,,,,,,,,,,,,,,,,,,,,,,,,,,,,,,,,,,,,,,,,,,,,,,,,,,,,,,,,,,,,,,,
[CLS],Hull,noted,comments,from,the,2,.,23,.,[SEP],,,,,,,,,,,,,,,,,,,,,,,,,,,,,,,,,,,,,,,,,,,,,,,,,,,,,,,,,,,,,,,,,,,,,,,,,,,,,,,,,,,,,,,,,,,,,,,,,,,,,,,,,,,,,,,,,,,,,,,,,,,,,,,,,,,,,,,,,,,,,,,,,,,,,,,,,,,,,,,,,,,,,,,,,,,,,,,,,,,,,,
[CLS],202,##3,La,##B,##ella,comment,letter,on,file,with,the,Planning,Department,.,[SEP],,,,,,,,,,,,,,,,,,,,,,,,,,,,,,,,,,,,,,,,,,,,,,,,,,,,,,,,,,,,,,,,,,,,,,,,,,,,,,,,,,,,,,,,,,,,,,,,,,,,,,,,,,,,,,,,,,,,,,,,,,,,,,,,,,,,,,,,,,,,,,,,,,,,,,,,,,,,,,,,,,,,,,,,,,,,,,,,,
[CLS],B,##OA,##RD,D,##IS,##CU,##SS,##ION,Lo,##ew,##enstein,noted,her,concern,about,multiple,pieces,missing,from,the,plans,",",and,wanted,the,applicant,to,satisfy,all,requirements,before,a,decision,was,rendered,for,the,project,.,[SEP],,,,,,,,,,,,,,,,,,,,,,,,,,,,,,,,,,,,,,,,,,,,,,,,,,,,,,,,,,,,,,,,,,,,,,,,,,,,,,,,,,,,,,,,,,,,,,,,,,,,,,,,,,,,,,,,,,,,,,,,,,,,,,,,,,,,,,,,,,,,,,,,,,,,,,,,
[CLS],Grand,e,##au,asked,Lansing,if,an,apparatus,access,p,la,##n,had,bee,n,submitted,.,[SEP],,,,,,,,,,,,,,,,,,,,,,,,,,,,,,,,,,,,,,,,,,,,,,,,,,,,,,,,,,,,,,,,,,,,,,,,,,,,,,,,,,,,,,,,,,,,,,,,,,,,,,,,,,,,,,,,,,,,,,,,,,,,,,,,,,,,,,,,,,,,,,,,,,,,,,,,,,,,,,,,,,,,,,,,,,,,,,
[CLS],Lansing,s,##tat,ed,that,a,plan,was,submitted,.,[SEP],,,,,,,,,,,,,,,,,,,,,,,,,,,,,,,,,,,,,,,,,,,,,,,,,,,,,,,,,,,,,,,,,,,,,,,,,,,,,,,,,,,,,,,,,,,,,,,,,,,,,,,,,,,,,,,,,,,,,,,,,,,,,,,,,,,,,,,,,,,,,,,,,,,,,,,,,,,,,,,,,,,,,,,,,,,,,,,,,,,,,
[CLS],Lansing,also,not,ed,that,lands,##c,a,##ping,would,be,a,basic,p,##la,n,give,n,that,the,project,was,industrial,in,na,##tur,e,",",as,op,##po,##s,ed,to,a,residential,project,.,[SEP],,,,,,,,,,,,,,,,,,,,,,,,,,,,,,,,,,,,,,,,,,,,,,,,,,,,,,,,,,,,,,,,,,,,,,,,,,,,,,,,,,,,,,,,,,,,,,,,,,,,,,,,,,,,,,,,,,,,,,,,,,,,,,,,,,,,,,,,,,,,,,,,,,,,,,,,,
[CLS],La,##ns,##in,g,also,s,##tat,ed,that,lighting,w,##o,ul,##d,be,des,##ig,ne,##d,to,be,as,limit,ed,as,possible,wit,hi,##n,the,requirements,to,ensure,there,w,##o,ul,##d,not,be,spill,##age,on,##t,o,neighboring,properties,.,[SEP],,,,,,,,,,,,,,,,,,,,,,,,,,,,,,,,,,,,,,,,,,,,,,,,,,,,,,,,,,,,,,,,,,,,,,,,,,,,,,,,,,,,,,,,,,,,,,,,,,,,,,,,,,,,,,,,,,,,,,,,,,,,,,,,,,,,,,,,,,,,,,,
[CLS],Bo,##rm,an,##n,ask,ed,what,w,##ou,l,##d,be,s,##tor,ed,in,the,building,",",and,if,they,w,##o,ul,##d,be,comb,##ust,##ible,##s,.,[SEP],,,,,,,,,,,,,,,,,,,,,,,,,,,,,,,,,,,,,,,,,,,,,,,,,,,,,,,,,,,,,,,,,,,,,,,,,,,,,,,,,,,,,,,,,,,,,,,,,,,,,,,,,,,,,,,,,,,,,,,,,,,,,,,,,,,,,,,,,,,,,,,,,,,,,,,,,,,,,,,
[CLS],A,##rno,##ff,noted,that,the,majority,of,s,##tor,ed,materials,w,ou,##ld,be,furniture,and,retail,goods,.,[SEP],,,,,,,,,,,,,,,,,,,,,,,,,,,,,,,,,,,,,,,,,,,,,,,,,,,,,,,,,,,,,,,,,,,,,,,,,,,,,,,,,,,,,,,,,,,,,,,,,,,,,,,,,,,,,,,,,,,,,,,,,,,,,,,,,,,,,,,,,,,,,,,,,,,,,,,,,,,,,,,,,,,,,,,,,,
[CLS],A,##rn,off,also,not,ed,that,the,building,would,be,heavily,s,##p,##rinkled,.,[SEP],,,,,,,,,,,,,,,,,,,,,,,,,,,,,,,,,,,,,,,,,,,,,,,,,,,,,,,,,,,,,,,,,,,,,,,,,,,,,,,,,,,,,,,,,,,,,,,,,,,,,,,,,,,,,,,,,,,,,,,,,,,,,,,,,,,,,,,,,,,,,,,,,,,,,,,,,,,,,,,,,,,,,,,,,,,,,,,
[CLS],Ma,##zz,a,ask,ed,Lansing,what,the,w,##id,##t,h,of,the,road,around,the,building,w,##o,ul,##d,be,.,[SEP],,,,,,,,,,,,,,,,,,,,,,,,,,,,,,,,,,,,,,,,,,,,,,,,,,,,,,,,,,,,,,,,,,,,,,,,,,,,,,,,,,,,,,,,,,,,,,,,,,,,,,,,,,,,,,,,,,,,,,,,,,,,,,,,,,,,,,,,,,,,,,,,,,,,,,,,,,,,,,,,,,,,,,,
[CLS],Lansing,not,ed,that,the,minimum,w,##id,##t,h,of,the,building,w,##o,ul,##d,meet,fire,code,(,26,feet,),.,[SEP],,,,,,,,,,,,,,,,,,,,,,,,,,,,,,,,,,,,,,,,,,,,,,,,,,,,,,,,,,,,,,,,,,,,,,,,,,,,,,,,,,,,,,,,,,,,,,,,,,,,,,,,,,,,,,,,,,,,,,,,,,,,,,,,,,,,,,,,,,,,,,,,,,,,,,,,,,,,,,,,,,,,,,
[CLS],Haven,##s,ask,ed,Lansing,if,they,look,ed,into,how,m,##uc,h,more,water,w,ou,##ld,be,ne,ed,##ed,to,suppress,fires,.,[SEP],,,,,,,,,,,,,,,,,,,,,,,,,,,,,,,,,,,,,,,,,,,,,,,,,,,,,,,,,,,,,,,,,,,,,,,,,,,,,,,,,,,,,,,,,,,,,,,,,,,,,,,,,,,,,,,,,,,,,,,,,,,,,,,,,,,,,,,,,,,,,,,,,,,,,,,,,,,,,,,,,,,,
[CLS],Lansing,not,ed,that,his,fi,##r,e,suppress,ion,engineers,look,ed,into,this,and,the,water,supply,available,w,ou,##ld,be,sufficient,.,[SEP],,,,,,,,,,,,,,,,,,,,,,,,,,,,,,,,,,,,,,,,,,,,,,,,,,,,,,,,,,,,,,,,,,,,,,,,,,,,,,,,,,,,,,,,,,,,,,,,,,,,,,,,,,,,,,,,,,,,,,,,,,,,,,,,,,,,,,,,,,,,,,,,,,,,,,,,,,,,,,,,,,,,,
[CLS],S,##mit,h,not,ed,that,plans,seem,ed,to,only,allow,for,ladder,fire,truck,access,on,one,side,of,the,building,.,[SEP],,,,,,,,,,,,,,,,,,,,,,,,,,,,,,,,,,,,,,,,,,,,,,,,,,,,,,,,,,,,,,,,,,,,,,,,,,,,,,,,,,,,,,,,,,,,,,,,,,,,,,,,,,,,,,,,,,,,,,,,,,,,,,,,,,,,,,,,,,,,,,,,,,,,,,,,,,,,,,,,,,,,,,,
[CLS],Lansing,not,ed,that,the,des,##ig,n,met,fire,code,and,that,there,was,en,##ou,##g,h,room,on,multiple,si,##d,es,of,the,building,for,a,ladder,truck,t,o,provide,fire,suppression,.,[SEP],,,,,,,,,,,,,,,,,,,,,,,,,,,,,,,,,,,,,,,,,,,,,,,,,,,,,,,,,,,,,,,,,,,,,,,,,,,,,,,,,,,,,,,,,,,,,,,,,,,,,,,,,,,,,,,,,,,,,,,,,,,,,,,,,,,,,,,,,,,,,,,,,,,,,,,,,
[CLS],Hull,not,ed,for,Grande,##au,that,the,building,m,et,fire,code,access,.,[SEP],,,,,,,,,,,,,,,,,,,,,,,,,,,,,,,,,,,,,,,,,,,,,,,,,,,,,,,,,,,,,,,,,,,,,,,,,,,,,,,,,,,,,,,,,,,,,,,,,,,,,,,,,,,,,,,,,,,,,,,,,,,,,,,,,,,,,,,,,,,,,,,,,,,,,,,,,,,,,,,,,,,,,,,,,,,,,,,,
[CLS],Lo,##ew,##ens,##te,##i,n,ask,ed,Hull,to,confirm,if,water,and,waste,##water,reports,had,bee,n,provided,y,et,or,not,.,[SEP],,,,,,,,,,,,,,,,,,,,,,,,,,,,,,,,,,,,,,,,,,,,,,,,,,,,,,,,,,,,,,,,,,,,,,,,,,,,,,,,,,,,,,,,,,,,,,,,,,,,,,,,,,,,,,,,,,,,,,,,,,,,,,,,,,,,,,,,,,,,,,,,,,,,,,,,,,,,,,,,,,,,,
[CLS],Hull,s,##tat,ed,that,they,had,not,bee,n,pro,##vid,ed,and,that,he,felt,it,w,##o,ul,##d,be,better,for,them,to,be,pro,##vid,ed,sooner,rather,than,later,to,ensure,that,no,issues,w,##o,ul,##d,arise,wit,h,water,or,sewer,concerns,in,the,future,Resolution,#,202,##3,–,4,SE,##Q,##RA,M,##OT,##ION,by,Je,an,Lo,##ew,##enstein,SEC,##ON,##DE,##D,by,Stephen,Grande,##au,to,resolve,that,the,Mal,##t,a,Planning,Board,on,the,28th,day,of,February,",",202,##3,determines,that,Project,#,22,-,25,",",A,##r,no,##ff,G,##lo,##b,al,Logistics,Phase,#,6,",",Site,P,##l,an,Amendment,",",is,consist,en,##t,with,the,Su,##pp,##lement,##al,To,##w,n,Wide,GE,##IS,and,State,##ment,of,Finding,##s,and,therefore,no,further,SE,##Q,##RA,review,is,required,.,[SEP],,,,,,,,,,,,,,,,,,,,,,,,,,,,,,,,,
[CLS],V,##OT,##E,:,Stephen,Grande,##au,–,Y,##ES,Ronald,Bo,##rman,##n,–,Y,##ES,Frank,Ma,##zza,–,Y,##ES,Dwight,Haven,##s,–,Y,##ES,William,Smith,–,Y,##ES,Lee,##jun,Taylor,–,Y,##ES,Jean,Lo,##ew,##enstein,-,Y,##ES,Motion,CA,##R,##RI,##ED,7,-,0,Once,a,SE,##Q,##RA,Resolution,had,been,decided,",",Lo,##ew,##enstein,asked,if,anyone,on,the,Board,wished,to,make,a,recommendation,for,project,approval,",",and,noted,that,she,felt,the,project,was,not,ready,for,approval,at,that,time,until,the,concerns,of,the,Board,",",Engineering,",",and,Planning,had,been,addressed,.,[SEP],,,,,,,,,,,,,,,,,,,,,,,,,,,,,,,,,,,,,,,,,,,,,,,,,,,,,,,,,,,,,,,,,,,,,,,,,,,,,,
[CLS],No,motion,was,made,and,the,project,was,table,##d,until,a,future,Planning,Board,meeting,.,[SEP],,,,,,,,,,,,,,,,,,,,,,,,,,,,,,,,,,,,,,,,,,,,,,,,,,,,,,,,,,,,,,,,,,,,,,,,,,,,,,,,,,,,,,,,,,,,,,,,,,,,,,,,,,,,,,,,,,,,,,,,,,,,,,,,,,,,,,,,,,,,,,,,,,,,,,,,,,,,,,,,,,,,,,,,,,,,,,
[CLS],22,-,20,",",Re,##tro,##grade,Re,##con,Center,",",Site,Plan,The,owner,and,applicant,Shooting,Star,Properties,",",LLC,",",is,proposing,a,site,plan,to,construct,an,18,",",92,##7,SF,automotive,re,##con,center,facility,",",associated,parking,",",and,vehicle,inventory,storage,.,[SEP],,,,,,,,,,,,,,,,,,,,,,,,,,,,,,,,,,,,,,,,,,,,,,,,,,,,,,,,,,,,,,,,,,,,,,,,,,,,,,,,,,,,,,,,,,,,,,,,,,,,,,,,,,,,,,,,,,,,,,,,,,,,,,,,,,,,,,,,,,,,,
[CLS],Two,full,access,curb,cuts,are,proposed,along,State,Farm,Place,",",a,private,road,.,[SEP],,,,,,,,,,,,,,,,,,,,,,,,,,,,,,,,,,,,,,,,,,,,,,,,,,,,,,,,,,,,,,,,,,,,,,,,,,,,,,,,,,,,,,,,,,,,,,,,,,,,,,,,,,,,,,,,,,,,,,,,,,,,,,,,,,,,,,,,,,,,,,,,,,,,,,,,,,,,,,,,,,,,,,,,,,,,,,,
[CLS],The,site,plan,includes,174,parking,stalls,for,customer,",",employee,",",and,vehicle,inventory,storage,.,[SEP],,,,,,,,,,,,,,,,,,,,,,,,,,,,,,,,,,,,,,,,,,,,,,,,,,,,,,,,,,,,,,,,,,,,,,,,,,,,,,,,,,,,,,,,,,,,,,,,,,,,,,,,,,,,,,,,,,,,,,,,,,,,,,,,,,,,,,,,,,,,,,,,,,,,,,,,,,,,,,,,,,,,,,,,,,,,,,
[CLS],The,site,is,located,adjacent,to,the,existing,Mohawk,Chevrolet,Deal,##ers,##hip,located,at,63,##3,Route,67,.,[SEP],,,,,,,,,,,,,,,,,,,,,,,,,,,,,,,,,,,,,,,,,,,,,,,,,,,,,,,,,,,,,,,,,,,,,,,,,,,,,,,,,,,,,,,,,,,,,,,,,,,,,,,,,,,,,,,,,,,,,,,,,,,,,,,,,,,,,,,,,,,,,,,,,,,,,,,,,,,,,,,,,,,,,,,,,,,
[CLS],Lansing,presented,on,behalf,of,the,applicant,and,asked,for,preliminary,final,review,.,[SEP],,,,,,,,,,,,,,,,,,,,,,,,,,,,,,,,,,,,,,,,,,,,,,,,,,,,,,,,,,,,,,,,,,,,,,,,,,,,,,,,,,,,,,,,,,,,,,,,,,,,,,,,,,,,,,,,,,,,,,,,,,,,,,,,,,,,,,,,,,,,,,,,,,,,,,,,,,,,,,,,,,,,,,,,,,,,,,,,,
[CLS],Lansing,noted,that,the,name,of,the,project,had,been,changed,to,“,Re,##tro,##grade,Re,##con,##dition,ing,Center,”,from,“,Mohawk,Chevrolet,Re,##con,Center,”,due,to,a,change,in,ownership,and,the,business,being,separate,from,Mohawk,Ch,##ev,##rol,##e,t,.,Lansing,also,noted,that,the,project,would,be,serviced,by,public,sewer,and,public,water,",",and,that,additional,plans,such,as,lands,##cap,##ing,and,lighting,would,be,provided,at,a,later,date,.,[SEP],,,,,,,,,,,,,,,,,,,,,,,,,,,,,,,,,,,,,,,,,,,,,,,,,,,,,,,,,,,,,,,,,,,,,,,,,,,,,,,,,,,,,,,,,,,,,,,,,,,,,,,,,,,
[CLS],Hui,##zing,##a,spoke,for,the,Planning,Department,and,noted,that,the,app,##lica,##n,t,needed,to,address,minor,issues,and,felt,that,the,project,met,SE,##Q,##RA,requirements,for,there,to,be,no,further,review,necessary,.,[SEP],,,,,,,,,,,,,,,,,,,,,,,,,,,,,,,,,,,,,,,,,,,,,,,,,,,,,,,,,,,,,,,,,,,,,,,,,,,,,,,,,,,,,,,,,,,,,,,,,,,,,,,,,,,,,,,,,,,,,,,,,,,,,,,,,,,,,,,,,,,,,,,,,,,,,,,
[CLS],Hui,##zing,##a,also,wanted,Engineering,comments,answered,and,a,wetland,disturbance,letter,received,from,AC,##OE,.,[SEP],,,,,,,,,,,,,,,,,,,,,,,,,,,,,,,,,,,,,,,,,,,,,,,,,,,,,,,,,,,,,,,,,,,,,,,,,,,,,,,,,,,,,,,,,,,,,,,,,,,,,,,,,,,,,,,,,,,,,,,,,,,,,,,,,,,,,,,,,,,,,,,,,,,,,,,,,,,,,,,,,,,,,,,,,,,,,
[CLS],Hull,noted,comment,11,##A,from,the,2,/,23,/,23,La,##B,##ella,Engineering,Co,##mme,##nt,Letter,due,to,in,##con,##sist,##encies,in,calculations,.,[SEP],,,,,,,,,,,,,,,,,,,,,,,,,,,,,,,,,,,,,,,,,,,,,,,,,,,,,,,,,,,,,,,,,,,,,,,,,,,,,,,,,,,,,,,,,,,,,,,,,,,,,,,,,,,,,,,,,,,,,,,,,,,,,,,,,,,,,,,,,,,,,,,,,,,,,,,,,,,,,,,,,,
[CLS],Hull,also,noted,that,a,water,/,sewer,will,serve,letter,had,been,received,and,forward,##ed,to,Planning,.,[SEP],,,,,,,,,,,,,,,,,,,,,,,,,,,,,,,,,,,,,,,,,,,,,,,,,,,,,,,,,,,,,,,,,,,,,,,,,,,,,,,,,,,,,,,,,,,,,,,,,,,,,,,,,,,,,,,,,,,,,,,,,,,,,,,,,,,,,,,,,,,,,,,,,,,,,,,,,,,,,,,,,,,,,,,,,,,
[CLS],Hull,noted,that,the,lighting,on,the,property,would,spill,over,onto,the,street,and,to,the,on,##site,wetlands,but,would,not,be,an,issue,for,neighbors,.,[SEP],,,,,,,,,,,,,,,,,,,,,,,,,,,,,,,,,,,,,,,,,,,,,,,,,,,,,,,,,,,,,,,,,,,,,,,,,,,,,,,,,,,,,,,,,,,,,,,,,,,,,,,,,,,,,,,,,,,,,,,,,,,,,,,,,,,,,,,,,,,,,,,,,,,,,,,,,,,,,,,,,,
[CLS],Hull,also,noted,that,he,had,no,issues,with,traffic,.,[SEP],,,,,,,,,,,,,,,,,,,,,,,,,,,,,,,,,,,,,,,,,,,,,,,,,,,,,,,,,,,,,,,,,,,,,,,,,,,,,,,,,,,,,,,,,,,,,,,,,,,,,,,,,,,,,,,,,,,,,,,,,,,,,,,,,,,,,,,,,,,,,,,,,,,,,,,,,,,,,,,,,,,,,,,,,,,,,,,,,,,,
[CLS],B,##OA,##RD,D,##IS,##CU,##SS,##ION,Haven,##s,asked,Lansing,if,the,building,would,be,s,##p,##rinkled,or,not,.,[SEP],,,,,,,,,,,,,,,,,,,,,,,,,,,,,,,,,,,,,,,,,,,,,,,,,,,,,,,,,,,,,,,,,,,,,,,,,,,,,,,,,,,,,,,,,,,,,,,,,,,,,,,,,,,,,,,,,,,,,,,,,,,,,,,,,,,,,,,,,,,,,,,,,,,,,,,,,,,,,,,,,,,,,,,,
[CLS],Lansing,stated,that,it,would,be,.,[SEP],,,,,,,,,,,,,,,,,,,,,,,,,,,,,,,,,,,,,,,,,,,,,,,,,,,,,,,,,,,,,,,,,,,,,,,,,,,,,,,,,,,,,,,,,,,,,,,,,,,,,,,,,,,,,,,,,,,,,,,,,,,,,,,,,,,,,,,,,,,,,,,,,,,,,,,,,,,,,,,,,,,,,,,,,,,,,,,,,,,,,,,,
[CLS],Resolution,#,202,##3,–,6,SE,##Q,##RA,M,##OT,##ION,by,Jean,Lo,##ew,##enstein,SEC,##ON,##DE,##D,by,Stephen,Grande,##au,to,resolve,that,the,Malta,Planning,Board,on,the,28th,day,of,February,",",202,##3,determines,that,Project,#,22,-,20,",",Re,##tro,##grade,Re,##con,Center,",",Site,Plan,",",is,consistent,with,the,Su,##pp,##lement,##al,Town,Wide,GE,##IS,and,State,##ment,of,Finding,##s,and,therefore,no,further,SE,##Q,##RA,review,is,required,.,[SEP],,,,,,,,,,,,,,,,,,,,,,,,,,,,,,,,,,,,,,,,,,,,,,,,,,,,,,,,,,,,,,,,,,,,,,,,,,,,,,,,,,,,,,,,,,,,,,,,,,,,,,,
[CLS],V,##OT,##E,:,Stephen,Grande,##au,–,Y,##ES,Ronald,Bo,##rman,##n,–,Y,##ES,Frank,Ma,##zza,–,Y,##ES,Dwight,Haven,##s,–,Y,##ES,William,Smith,–,Y,##ES,Lee,##jun,Taylor,–,Y,##ES,Jean,Lo,##ew,##enstein,-,Y,##ES,Motion,CA,##R,##RI,##ED,7,-,0,Resolution,#,202,##3,–,7,M,##OT,##ION,by,Jean,Lo,##ew,##enstein,SEC,##ON,##DE,##D,by,Stephen,Grande,##au,to,resolve,that,the,Malta,Planning,Board,on,the,28th,day,of,February,202,##3,approve,##s,Project,#,22,-,20,",",Re,##tro,##grade,Re,##con,Center,",",Site,Plan,",",with,the,following,conditions,:,1,.,All,comments,in,the,La,##B,##ella,2,/,23,/,202,##3,Engineering,Co,##mme,##nt,Letter,be,addressed,.,[SEP],,,,,,,,,,,,,,,,,,,,,,,,,,,,,,,,,,,,,,,,,,,,,,,,,,,,,
[CLS],2,.,A,copy,of,the,AC,##OE,Wet,##land,Di,##st,##ur,##ban,##ce,Letter,be,provided,to,the,Planning,Department,.,V,##OT,##E,:,Stephen,Grande,##au,–,Y,##ES,Ronald,Bo,##rman,##n,–,Y,##ES,Frank,Ma,##zza,–,Y,##ES,Dwight,Haven,##s,–,Y,##ES,William,Smith,–,Y,##ES,Lee,##jun,Taylor,–,Y,##ES,Jean,Lo,##ew,##enstein,-,Y,##ES,Motion,CA,##R,##RI,##ED,7,-,0,Planning,Board,Business,M,##OT,##ION,by,Stephen,Grande,##au,SEC,##ON,##DE,##D,by,William,Smith,to,accept,the,January,24,",",202,##3,minutes,.,[SEP],,,,,,,,,,,,,,,,,,,,,,,,,,,,,,,,,,,,,,,,,,,,,,,,,,,,,,,,,,,,,,,,,,,,,,,,,,,,,,,,,,,,,,
[CLS],V,##OT,##E,:,Stephen,Grande,##au,–,Y,##ES,Ronald,Bo,##rman,##n,–,Y,##ES,Frank,Ma,##zza,–,ABS,##TA,##IN,Dwight,Haven,##s,–,Y,##ES,William,Smith,–,Y,##ES,Lee,##jun,Taylor,–,Y,##ES,Jean,Lo,##ew,##enstein,-,Y,##ES,Motion,CA,##R,##RI,##ED,with,one,ABS,##TE,##NS,##ION,Stephen,Grande,##au,M,##OT,##ION,##ED,to,ad,##jou,##rn,the,meeting,to,the,next,regular,meeting,or,any,other,meeting,necessary,for,the,conduct,of,the,Planning,Board,",",SEC,##ON,##DE,##D,by,Jean,Lo,##ew,##enstein,",",motion,carried,unanimously,at,7,:,40,p,.,m,.,Re,##spect,##fully,submitted,by,",",David,E,.,J,##ae,##ger,",",Jr,.,Planning,Board,Secretary,Planning,Tech,##nic,##ian,[SEP],,,,,,,,,,,,,,,,,,,,,,,,,,,,,,,,,,,,,,,,,,,,,,,,,,,,,,,,,,